step,rollout/ep_rew_mean
4096,0.0
8192,0.8571428656578064
12288,1.1803278923034668
16384,1.091953992843628
20480,1.2300000190734863
24576,1.3899999856948853
28672,1.2599999904632568
32768,1.4700000286102295
36864,1.5800000429153442
40960,1.6100000143051147
45056,1.5700000524520874
49152,1.590000033378601
53248,1.6100000143051147
57344,1.4800000190734863
61440,1.7200000286102295
65536,1.850000023841858
69632,1.7799999713897705
73728,1.9199999570846558
77824,2.1600000858306885
81920,1.9700000286102295
86016,2.069999933242798
90112,2.490000009536743
94208,2.4700000286102295
98304,2.4200000762939453
102400,2.309999942779541
106496,2.490000009536743
110592,2.180000066757202
114688,2.190000057220459
118784,2.1700000762939453
122880,2.369999885559082
126976,2.440000057220459
131072,2.4800000190734863
135168,2.740000009536743
139264,2.950000047683716
143360,2.950000047683716
147456,3.0799999237060547
151552,3.109999895095825
155648,2.9200000762939453
159744,2.859999895095825
163840,2.890000104904175
167936,2.8299999237060547
172032,2.8399999141693115
176128,3.1600000858306885
180224,3.4000000953674316
184320,3.75
188416,4.079999923706055
192512,4.46999979019165
196608,4.460000038146973
200704,4.699999809265137
204800,5.010000228881836
208896,5.050000190734863
212992,5.139999866485596
217088,5.210000038146973
221184,5.550000190734863
225280,5.739999771118164
229376,6.099999904632568
233472,6.090000152587891
237568,5.960000038146973
241664,6.340000152587891
245760,6.829999923706055
249856,7.090000152587891
253952,6.989999771118164
258048,7.349999904632568
262144,7.570000171661377
266240,7.639999866485596
270336,7.679999828338623
274432,7.650000095367432
278528,8.109999656677246
282624,8.25
286720,8.470000267028809
290816,8.859999656677246
294912,8.819999694824219
299008,8.760000228881836
303104,9.079999923706055
307200,9.460000038146973
311296,9.899999618530273
315392,10.210000038146973
319488,10.430000305175781
323584,10.239999771118164
327680,10.239999771118164
331776,10.289999961853027
335872,10.479999542236328
339968,10.619999885559082
344064,10.949999809265137
348160,11.140000343322754
352256,11.279999732971191
356352,11.130000114440918
360448,11.170000076293945
364544,11.300000190734863
368640,11.380000114440918
372736,11.829999923706055
376832,11.930000305175781
380928,12.15999984741211
385024,12.75
389120,13.010000228881836
393216,13.069999694824219
397312,12.9399995803833
401408,13.029999732971191
405504,13.270000457763672
409600,13.539999961853027
413696,13.489999771118164
417792,13.539999961853027
421888,13.729999542236328
425984,13.529999732971191
430080,13.520000457763672
434176,13.289999961853027
438272,13.350000381469727
442368,13.800000190734863
446464,13.859999656677246
450560,14.100000381469727
454656,14.9399995803833
458752,14.619999885559082
462848,15.220000267028809
466944,15.260000228881836
471040,15.40999984741211
475136,15.449999809265137
479232,15.979999542236328
483328,15.760000228881836
487424,15.84000015258789
491520,15.609999656677246
495616,16.059999465942383
499712,15.850000381469727
503808,15.4399995803833
507904,15.359999656677246
512000,15.5
516096,15.859999656677246
520192,15.510000228881836
524288,15.630000114440918
528384,16.09000015258789
532480,15.779999732971191
536576,16.260000228881836
540672,16.450000762939453
544768,16.43000030517578
548864,16.489999771118164
552960,16.459999084472656
557056,16.68000030517578
561152,19.280000686645508
565248,18.8700008392334
569344,18.760000228881836
573440,18.899999618530273
577536,18.790000915527344
581632,19.010000228881836
585728,18.950000762939453
589824,18.84000015258789
593920,19.110000610351562
598016,19.09000015258789
602112,19.110000610351562
606208,19.15999984741211
610304,19.06999969482422
614400,16.549999237060547
618496,16.950000762939453
622592,17.170000076293945
626688,17.43000030517578
630784,17.579999923706055
634880,17.90999984741211
638976,18.229999542236328
643072,18.68000030517578
647168,18.559999465942383
651264,18.690000534057617
655360,23.030000686645508
659456,23.059999465942383
663552,23.75
667648,23.8799991607666
671744,23.420000076293945
675840,25.43000030517578
679936,25.329999923706055
684032,27.049999237060547
688128,26.440000534057617
692224,26.1200008392334
696320,26.049999237060547
700416,28.239999771118164
704512,31.139999389648438
708608,29.229999542236328
712704,29.329999923706055
716800,31.309999465942383
720896,32.56999969482422
724992,32.869998931884766
729088,40.70000076293945
733184,43.86000061035156
737280,44.09000015258789
741376,47.439998626708984
745472,48.86000061035156
749568,49.040000915527344
753664,49.63999938964844
757760,47.2400016784668
761856,47.13999938964844
765952,44.09000015258789
770048,41.72999954223633
774144,39.7599983215332
778240,43.2599983215332
782336,41.61000061035156
786432,34.369998931884766
790528,32.0
794624,33.09000015258789
798720,27.90999984741211
802816,27.260000228881836
806912,26.8799991607666
811008,27.020000457763672
815104,27.399999618530273
819200,27.459999084472656
823296,28.200000762939453
827392,28.469999313354492
831488,31.350000381469727
835584,30.899999618530273
839680,31.450000762939453
843776,31.56999969482422
847872,34.22999954223633
851968,33.779998779296875
856064,33.779998779296875
860160,33.97999954223633
864256,34.68000030517578
868352,34.599998474121094
872448,34.099998474121094
876544,34.529998779296875
880640,34.310001373291016
884736,34.029998779296875
888832,36.150001525878906
892928,33.95000076293945
897024,33.88999938964844
901120,34.0
905216,33.95000076293945
909312,31.520000457763672
913408,31.200000762939453
917504,31.520000457763672
921600,34.439998626708984
925696,34.43000030517578
929792,35.06999969482422
933888,34.86000061035156
937984,34.869998931884766
942080,37.7599983215332
946176,38.11000061035156
950272,36.369998931884766
954368,36.619998931884766
958464,33.290000915527344
962560,33.43000030517578
966656,32.97999954223633
970752,33.13999938964844
974848,30.559999465942383
978944,33.310001373291016
983040,33.65999984741211
987136,33.599998474121094
991232,33.72999954223633
995328,33.2400016784668
999424,36.970001220703125
1003520,34.45000076293945
1007616,36.75
1011712,36.77000045776367
1015808,36.86000061035156
1019904,36.939998626708984
1024000,39.810001373291016
1028096,39.7400016784668
1032192,42.79999923706055
1036288,46.56999969482422
1040384,49.90999984741211
1044480,43.86000061035156
1048576,43.58000183105469
1052672,43.79999923706055
1056768,43.9900016784668
1060864,43.63999938964844
1064960,42.91999816894531
1069056,45.0
1073152,44.849998474121094
1077248,44.59000015258789
1081344,44.459999084472656
1085440,44.7599983215332
1089536,44.720001220703125
1093632,41.70000076293945
1097728,43.58000183105469
1101824,39.95000076293945
1105920,42.790000915527344
1110016,42.540000915527344
1114112,42.13999938964844
1118208,45.38999938964844
1122304,45.529998779296875
1126400,46.599998474121094
1130496,43.2599983215332
1134592,42.099998474121094
1138688,43.09000015258789
1142784,46.36000061035156
1146880,42.7400016784668
1150976,42.779998779296875
1155072,42.939998626708984
1159168,43.349998474121094
1163264,43.45000076293945
1167360,40.720001220703125
1171456,40.900001525878906
1175552,40.90999984741211
1179648,44.900001525878906
1183744,45.060001373291016
1187840,45.540000915527344
1191936,42.369998931884766
1196032,42.25
1200128,42.45000076293945
1204224,45.95000076293945
1208320,45.959999084472656
1212416,46.310001373291016
1216512,46.310001373291016
1220608,46.4900016784668
1224704,46.040000915527344
1228800,46.66999816894531
1232896,46.06999969482422
1236992,48.20000076293945
1241088,48.540000915527344
1245184,41.75
1249280,41.29999923706055
1253376,41.0099983215332
1257472,40.83000183105469
1261568,40.540000915527344
1265664,39.91999816894531
1269760,36.720001220703125
1273856,36.86000061035156
1277952,33.7400016784668
1282048,33.93000030517578
1286144,33.79999923706055
1290240,34.45000076293945
1294336,34.31999969482422
1298432,29.239999771118164
1302528,27.5
1306624,27.510000228881836
1310720,27.170000076293945
1314816,27.290000915527344
1318912,27.600000381469727
1323008,27.110000610351562
1327104,26.68000030517578
1331200,26.459999084472656
1335296,26.93000030517578
1339392,26.93000030517578
1343488,26.59000015258789
1347584,29.809999465942383
1351680,33.439998626708984
1355776,33.83000183105469
1359872,33.33000183105469
1363968,32.95000076293945
1368064,32.4900016784668
1372160,32.220001220703125
1376256,32.290000915527344
1380352,35.459999084472656
1384448,35.459999084472656
1388544,35.63999938964844
1392640,35.849998474121094
1396736,35.9900016784668
1400832,35.90999984741211
1404928,36.619998931884766
1409024,39.31999969482422
1413120,35.81999969482422
1417216,38.380001068115234
1421312,33.95000076293945
1425408,37.72999954223633
1429504,37.689998626708984
1433600,39.5099983215332
1437696,39.58000183105469
1441792,39.91999816894531
1445888,39.68000030517578
1449984,37.52000045776367
1454080,37.130001068115234
1458176,41.86000061035156
1462272,42.290000915527344
1466368,42.15999984741211
1470464,41.45000076293945
1474560,38.560001373291016
1478656,38.7599983215332
1482752,36.08000183105469
1486848,36.529998779296875
1490944,39.5
1495040,36.0
1499136,34.66999816894531
1503232,34.63999938964844
1507328,35.06999969482422
1511424,35.0
1515520,37.47999954223633
1519616,39.79999923706055
1523712,36.56999969482422
1527808,34.79999923706055
1531904,34.91999816894531
1536000,37.43000030517578
1540096,37.63999938964844
1544192,37.619998931884766
1548288,39.58000183105469
1552384,39.97999954223633
1556480,39.22999954223633
1560576,39.380001068115234
1564672,37.11000061035156
1568768,37.060001373291016
1572864,43.31999969482422
1576960,43.27000045776367
1581056,45.66999816894531
1585152,49.279998779296875
1589248,47.540000915527344
1593344,47.619998931884766
1597440,51.31999969482422
1601536,52.689998626708984
1605632,52.209999084472656
1609728,50.369998931884766
1613824,50.540000915527344
1617920,53.130001068115234
1622016,52.310001373291016
1626112,54.16999816894531
1630208,57.13999938964844
1634304,58.08000183105469
1638400,57.9900016784668
1642496,58.59000015258789
1646592,53.290000915527344
1650688,53.83000183105469
1654784,51.36000061035156
1658880,51.2599983215332
1662976,54.61000061035156
1667072,54.119998931884766
1671168,50.84000015258789
1675264,50.630001068115234
1679360,51.59000015258789
1683456,51.9900016784668
1687552,55.369998931884766
1691648,54.869998931884766
1695744,55.91999816894531
1699840,59.25
1703936,57.5099983215332
1708032,54.439998626708984
1712128,59.0
1716224,58.54999923706055
1720320,58.31999969482422
1724416,61.4900016784668
1728512,62.400001525878906
1732608,66.7300033569336
1736704,70.37000274658203
1740800,63.369998931884766
1744896,63.349998474121094
1748992,65.01000213623047
1753088,64.01000213623047
1757184,64.11000061035156
1761280,67.20999908447266
1765376,69.80999755859375
1769472,69.87999725341797
1773568,69.76000213623047
1777664,69.91000366210938
1781760,67.87999725341797
1785856,67.58999633789062
1789952,66.19000244140625
1794048,67.12999725341797
1798144,69.76000213623047
1802240,73.95999908447266
1806336,76.11000061035156
1810432,75.94000244140625
1814528,75.08000183105469
1818624,68.91000366210938
1822720,68.93000030517578
1826816,69.0
1830912,75.94000244140625
1835008,76.08999633789062
1839104,76.18000030517578
1843200,69.98999786376953
1847296,66.66000366210938
1851392,66.18000030517578
1855488,68.41999816894531
1859584,72.3499984741211
1863680,70.95999908447266
1867776,67.20999908447266
1871872,65.5999984741211
1875968,62.54999923706055
1880064,62.20000076293945
1884160,58.70000076293945
1888256,58.689998626708984
1892352,61.84000015258789
1896448,65.80999755859375
1900544,68.44999694824219
1904640,64.55999755859375
1908736,67.4000015258789
1912832,67.91999816894531
1916928,68.0
1921024,67.69999694824219
1925120,68.5
1929216,68.6500015258789
1933312,69.05000305175781
1937408,68.5999984741211
1941504,74.30999755859375
1945600,74.94000244140625
1949696,75.41000366210938
1953792,69.52999877929688
1957888,69.5999984741211
1961984,73.7300033569336
1966080,66.47000122070312
1970176,66.33999633789062
1974272,62.93000030517578
1978368,63.040000915527344
1982464,66.44000244140625
1986560,59.75
1990656,61.90999984741211
1994752,58.81999969482422
1998848,62.06999969482422
2002944,62.13999938964844
2007040,58.290000915527344
2011136,58.09000015258789
2015232,58.040000915527344
2019328,56.61000061035156
2023424,57.34000015258789
2027520,68.02999877929688
2031616,67.43000030517578
2035712,63.540000915527344
2039808,63.77000045776367
2043904,65.79000091552734
2048000,65.73999786376953
2052096,69.0
2056192,72.77999877929688
2060288,76.25
2064384,76.1500015258789
2068480,76.47000122070312
2072576,73.66999816894531
2076672,69.63999938964844
2080768,72.11000061035156
2084864,75.48999786376953
2088960,79.04000091552734
2093056,78.30999755859375
2097152,77.51000213623047
2101248,73.77999877929688
2105344,66.29000091552734
2109440,63.08000183105469
2113536,65.16999816894531
2117632,68.62999725341797
2121728,68.7699966430664
2125824,68.66999816894531
2129920,64.37999725341797
2134016,58.88999938964844
2138112,60.720001220703125
2142208,63.61000061035156
2146304,67.02999877929688
2150400,67.98999786376953
2154496,72.08000183105469
2158592,69.2699966430664
2162688,66.19000244140625
2166784,63.150001525878906
2170880,60.84000015258789
2174976,60.56999969482422
2179072,64.33999633789062
2183168,63.9900016784668
2187264,67.7300033569336
2191360,67.9000015258789
2195456,67.11000061035156
2199552,67.87999725341797
2203648,67.95999908447266
2207744,64.16999816894531
2211840,65.45999908447266
2215936,65.08000183105469
2220032,62.970001220703125
2224128,66.20999908447266
2228224,69.83999633789062
2232320,66.56999969482422
2236416,64.86000061035156
2240512,64.75
2244608,66.72000122070312
2248704,72.93000030517578
2252800,76.30000305175781
2256896,76.61000061035156
2260992,79.69000244140625
2265088,76.55000305175781
2269184,76.91000366210938
2273280,80.33000183105469
2277376,84.20999908447266
2281472,85.8499984741211
2285568,90.01000213623047
2289664,93.95999908447266
2293760,93.94000244140625
2297856,100.20999908447266
2301952,103.2699966430664
2306048,101.27999877929688
2310144,96.3499984741211
2314240,93.37000274658203
2318336,93.04000091552734
2322432,94.04000091552734
2326528,92.08000183105469
2330624,91.98999786376953
2334720,86.11000061035156
2338816,84.43000030517578
2342912,86.20999908447266
2347008,87.5
2351104,84.33999633789062
2355200,83.61000061035156
2359296,79.86000061035156
2363392,75.8499984741211
2367488,73.7699966430664
2371584,71.02999877929688
2375680,64.43000030517578
2379776,61.45000076293945
2383872,61.45000076293945
2387968,54.779998779296875
2392064,58.560001373291016
2396160,62.61000061035156
2400256,66.23999786376953
2404352,67.08000183105469
2408448,68.94000244140625
2412544,71.45999908447266
2416640,74.79000091552734
2420736,74.62999725341797
2424832,76.62999725341797
2428928,80.55000305175781
2433024,76.51000213623047
2437120,76.98999786376953
2441216,77.58000183105469
2445312,74.6500015258789
2449408,74.30999755859375
2453504,73.12000274658203
2457600,75.63999938964844
2461696,75.5
2465792,75.27999877929688
2469888,78.62999725341797
2473984,74.86000061035156
2478080,74.94000244140625
2482176,68.26000213623047
2486272,67.0999984741211
2490368,70.33000183105469
2494464,65.12000274658203
2498560,65.16999816894531
2502656,63.29999923706055
2506752,63.220001220703125
2510848,60.0099983215332
2514944,58.0099983215332
2519040,64.4000015258789
2523136,70.44000244140625
2527232,69.95999908447266
2531328,70.51000213623047
2535424,70.51000213623047
2539520,71.08000183105469
2543616,67.29000091552734
2547712,68.2699966430664
2551808,72.08000183105469
2555904,72.55000305175781
2560000,72.0199966430664
2564096,72.0999984741211
2568192,71.55000305175781
2572288,72.94999694824219
2576384,69.5
2580480,69.25
2584576,75.5
2588672,75.37999725341797
2592768,75.19000244140625
2596864,74.16999816894531
2600960,73.44999694824219
2605056,73.3499984741211
2609152,75.01000213623047
2613248,71.5199966430664
2617344,72.20999908447266
2621440,71.93000030517578
2625536,72.11000061035156
2629632,76.91999816894531
2633728,77.27999877929688
2637824,80.91000366210938
2641920,83.58000183105469
2646016,80.22000122070312
2650112,77.91000366210938
2654208,77.91000366210938
2658304,83.61000061035156
2662400,83.80999755859375
2666496,87.80999755859375
2670592,85.98999786376953
2674688,90.26000213623047
2678784,84.05999755859375
2682880,84.23999786376953
2686976,88.41000366210938
2691072,87.2699966430664
2695168,87.76000213623047
2699264,87.66999816894531
2703360,81.83000183105469
2707456,81.75
2711552,83.66999816894531
2715648,81.98999786376953
2719744,80.91999816894531
2723840,84.30000305175781
2727936,83.62999725341797
2732032,79.94999694824219
2736128,80.5
2740224,78.43000030517578
2744320,78.97000122070312
2748416,76.37000274658203
2752512,76.7300033569336
2756608,78.04000091552734
2760704,79.44999694824219
2764800,76.73999786376953
2768896,76.56999969482422
2772992,76.79000091552734
2777088,76.5199966430664
2781184,76.29000091552734
2785280,77.36000061035156
2789376,82.76000213623047
2793472,88.06999969482422
2797568,85.66000366210938
2801664,86.05999755859375
2805760,87.44000244140625
2809856,90.80999755859375
2813952,90.25
2818048,88.33999633789062
2822144,89.37999725341797
2826240,89.5199966430664
2830336,89.94000244140625
2834432,90.33000183105469
2838528,90.16999816894531
2842624,90.41999816894531
2846720,90.31999969482422
2850816,88.22000122070312
2854912,88.76000213623047
2859008,87.5999984741211
2863104,90.97000122070312
2867200,90.33000183105469
2871296,88.27999877929688
2875392,84.93000030517578
2879488,86.45999908447266
2883584,83.06999969482422
2887680,80.23999786376953
2891776,76.79000091552734
2895872,82.47000122070312
2899968,89.19999694824219
2904064,89.30000305175781
2908160,92.01000213623047
2912256,97.70999908447266
2916352,97.0
2920448,96.19000244140625
2924544,95.91000366210938
2928640,95.56999969482422
2932736,110.61000061035156
2936832,111.25
2940928,113.54000091552734
2945024,113.36000061035156
2949120,110.5199966430664
2953216,115.08999633789062
2957312,111.47000122070312
2961408,111.80999755859375
2965504,112.44999694824219
2969600,116.36000061035156
2973696,116.16000366210938
2977792,111.81999969482422
2981888,109.29000091552734
2985984,112.33000183105469
2990080,103.5
2994176,100.54000091552734
2998272,98.2699966430664
3002368,95.08999633789062
3006464,90.19999694824219
3010560,87.11000061035156
3014656,87.94999694824219
3018752,84.97000122070312
3022848,89.05999755859375
3026944,86.12999725341797
3031040,85.5999984741211
3035136,79.69999694824219
3039232,80.2699966430664
3043328,80.30000305175781
3047424,80.2699966430664
3051520,80.19999694824219
3055616,79.4800033569336
3059712,78.55999755859375
3063808,80.41999816894531
3067904,80.91999816894531
3072000,81.43000030517578
3076096,81.45999908447266
3080192,84.04000091552734
3084288,83.0999984741211
3088384,83.0999984741211
3092480,82.95999908447266
3096576,85.2300033569336
3100672,84.5199966430664
3104768,87.33000183105469
3108864,87.44000244140625
3112960,90.95999908447266
3117056,90.94000244140625
3121152,93.5999984741211
3125248,95.37000274658203
3129344,92.37000274658203
3133440,87.55999755859375
3137536,85.5199966430664
3141632,89.05999755859375
3145728,89.05999755859375
3149824,89.72000122070312
3153920,91.04000091552734
3158016,88.44000244140625
3162112,89.68000030517578
3166208,86.75
3170304,86.72000122070312
3174400,86.95999908447266
3178496,84.38999938964844
3182592,80.66000366210938
3186688,80.69000244140625
3190784,81.19000244140625
3194880,81.44000244140625
3198976,80.8499984741211
3203072,83.62000274658203
3207168,83.4000015258789
3211264,83.2699966430664
3215360,85.06999969482422
3219456,82.30999755859375
3223552,80.20999908447266
3227648,77.2300033569336
3231744,80.43000030517578
3235840,82.75
3239936,84.16000366210938
3244032,85.37000274658203
3248128,86.55000305175781
3252224,84.55000305175781
3256320,83.72000122070312
3260416,89.95999908447266
3264512,89.72000122070312
3268608,91.75
3272704,90.55000305175781
3276800,90.08000183105469
3280896,93.54000091552734
3284992,93.47000122070312
3289088,93.87000274658203
3293184,96.70999908447266
3297280,98.95999908447266
3301376,102.25
3305472,98.5999984741211
3309568,99.81999969482422
3313664,99.63999938964844
3317760,96.44000244140625
3321856,95.12000274658203
3325952,102.98999786376953
3330048,104.47000122070312
3334144,107.73999786376953
3338240,105.61000061035156
3342336,103.44000244140625
3346432,103.13999938964844
3350528,101.31999969482422
3354624,100.04000091552734
3358720,104.7699966430664
3362816,104.55000305175781
3366912,101.51000213623047
3371008,99.43000030517578
3375104,102.41000366210938
3379200,104.26000213623047
3383296,110.33999633789062
3387392,109.38999938964844
3391488,112.73999786376953
3395584,114.56999969482422
3399680,113.70999908447266
3403776,117.18000030517578
3407872,120.37999725341797
3411968,120.58999633789062
3416064,117.80999755859375
3420160,117.05999755859375
3424256,116.08999633789062
3428352,114.63999938964844
3432448,112.79000091552734
3436544,109.41000366210938
3440640,108.70999908447266
3444736,111.52999877929688
3448832,114.4000015258789
3452928,115.62000274658203
3457024,112.91999816894531
3461120,108.08999633789062
3465216,108.80000305175781
3469312,109.97000122070312
3473408,110.43000030517578
3477504,105.86000061035156
3481600,104.37999725341797
3485696,105.06999969482422
3489792,105.55999755859375
3493888,109.81999969482422
3497984,110.45999908447266
3502080,99.87999725341797
3506176,101.29000091552734
3510272,102.6500015258789
3514368,99.05999755859375
3518464,104.7699966430664
3522560,105.02999877929688
3526656,105.31999969482422
3530752,109.43000030517578
3534848,113.18000030517578
3538944,118.44999694824219
3543040,118.80999755859375
3547136,124.29000091552734
3551232,124.37000274658203
3555328,125.91000366210938
3559424,125.73999786376953
3563520,128.07000732421875
3567616,125.05999755859375
3571712,126.5199966430664
3575808,123.61000061035156
3579904,126.2699966430664
3584000,128.4600067138672
3588096,127.48999786376953
3592192,119.5
3596288,119.69999694824219
3600384,116.12000274658203
3604480,116.52999877929688
3608576,116.54000091552734
3612672,115.37999725341797
3616768,119.08000183105469
3620864,115.48999786376953
3624960,120.80999755859375
3629056,120.16000366210938
3633152,123.36000061035156
3637248,123.36000061035156
3641344,119.8499984741211
3645440,113.0199966430664
3649536,103.5
3653632,105.1500015258789
3657728,101.62999725341797
3661824,102.18000030517578
3665920,100.08999633789062
3670016,100.18000030517578
3674112,99.18000030517578
3678208,99.3499984741211
3682304,99.16999816894531
3686400,94.70999908447266
3690496,91.93000030517578
3694592,92.86000061035156
3698688,90.80000305175781
3702784,94.02999877929688
3706880,94.02999877929688
3710976,93.37999725341797
3715072,97.87999725341797
3719168,95.38999938964844
3723264,93.94000244140625
3727360,94.18000030517578
3731456,97.6500015258789
3735552,95.0
3739648,93.76000213623047
3743744,96.69999694824219
3747840,93.66999816894531
3751936,93.22000122070312
3756032,91.18000030517578
3760128,89.87999725341797
3764224,89.58000183105469
3768320,94.02999877929688
3772416,96.98999786376953
3776512,97.4800033569336
3780608,99.12999725341797
3784704,98.83000183105469
3788800,98.44000244140625
3792896,95.76000213623047
3796992,95.76000213623047
3801088,95.76000213623047
3805184,97.4000015258789
3809280,97.08000183105469
3813376,104.19999694824219
3817472,104.30999755859375
3821568,104.0199966430664
3825664,104.5199966430664
3829760,104.62999725341797
3833856,107.58000183105469
3837952,100.9800033569336
3842048,109.7300033569336
3846144,108.8499984741211
3850240,109.54000091552734
3854336,113.12999725341797
3858432,120.44999694824219
3862528,120.54000091552734
3866624,120.58000183105469
3870720,120.87999725341797
3874816,124.36000061035156
3878912,126.55000305175781
3883008,125.06999969482422
3887104,126.77999877929688
3891200,129.55999755859375
3895296,128.38999938964844
3899392,130.8300018310547
3903488,131.8300018310547
3907584,135.69000244140625
3911680,135.27000427246094
3915776,141.47000122070312
3919872,142.2899932861328
3923968,138.86000061035156
3928064,132.8699951171875
3932160,129.6699981689453
3936256,130.42999267578125
3940352,130.00999450683594
3944448,126.58999633789062
3948544,132.0800018310547
3952640,131.08999633789062
3956736,124.16000366210938
3960832,124.97000122070312
3964928,127.44999694824219
3969024,127.9000015258789
3973120,123.33999633789062
3977216,120.52999877929688
3981312,120.76000213623047
3985408,122.63999938964844
3989504,123.0999984741211
3993600,118.16000366210938
3997696,112.72000122070312
4001792,115.91000366210938
4005888,115.2699966430664
4009984,116.02999877929688
4014080,118.7300033569336
4018176,115.18000030517578
4022272,115.06999969482422
4026368,108.75
4030464,109.18000030517578
4034560,109.7300033569336
4038656,110.13999938964844
4042752,106.41999816894531
4046848,108.87999725341797
4050944,103.6500015258789
4055040,104.19999694824219
4059136,101.66000366210938
4063232,103.04000091552734
4067328,98.88999938964844
4071424,95.55999755859375
4075520,92.5999984741211
4079616,92.72000122070312
4083712,96.72000122070312
4087808,102.51000213623047
4091904,103.61000061035156
4096000,101.26000213623047
4100096,99.51000213623047
4104192,103.95999908447266
4108288,106.6500015258789
4112384,106.6500015258789
4116480,102.19999694824219
4120576,102.93000030517578
4124672,101.94999694824219
4128768,105.62999725341797
4132864,102.25
4136960,100.2300033569336
4141056,102.97000122070312
4145152,107.83000183105469
4149248,107.30999755859375
4153344,107.81999969482422
4157440,107.38999938964844
4161536,104.73999786376953
4165632,104.88999938964844
4169728,107.86000061035156
4173824,104.73999786376953
4177920,103.7699966430664
4182016,103.88999938964844
4186112,103.73999786376953
4190208,110.81999969482422
4194304,112.45999908447266
4198400,107.30999755859375
4202496,107.80000305175781
4206592,111.0999984741211
4210688,108.19000244140625
4214784,108.37000274658203
4218880,108.6500015258789
4222976,112.02999877929688
4227072,115.38999938964844
4231168,125.76000213623047
4235264,126.8499984741211
4239360,125.55999755859375
4243456,128.47000122070312
4247552,130.32000732421875
4251648,130.60000610351562
4255744,131.94000244140625
4259840,132.92999267578125
4263936,134.60000610351562
4268032,133.41000366210938
4272128,132.8800048828125
4276224,133.5800018310547
4280320,135.3300018310547
4284416,136.89999389648438
4288512,138.83999633789062
4292608,138.66000366210938
4296704,140.91000366210938
4300800,140.32000732421875
4304896,133.64999389648438
4308992,131.24000549316406
4313088,133.94000244140625
4317184,134.0800018310547
4321280,135.47999572753906
4325376,136.22000122070312
4329472,134.82000732421875
4333568,129.89999389648438
4337664,129.6699981689453
4341760,135.8699951171875
4345856,126.41000366210938
4349952,124.31999969482422
4354048,122.61000061035156
4358144,122.13999938964844
4362240,125.54000091552734
4366336,126.87999725341797
4370432,118.91999816894531
4374528,119.04000091552734
4378624,119.30000305175781
4382720,119.58999633789062
4386816,125.0999984741211
4390912,129.72000122070312
4395008,131.64999389648438
4399104,135.25999450683594
4403200,133.1699981689453
4407296,129.67999267578125
4411392,127.18000030517578
4415488,130.27999877929688
4419584,128.36000061035156
4423680,125.70999908447266
4427776,124.08000183105469
4431872,124.08000183105469
4435968,126.94000244140625
4440064,128.9199981689453
4444160,128.02999877929688
4448256,122.7699966430664
4452352,123.2699966430664
4456448,119.01000213623047
4460544,118.75
4464640,119.69999694824219
4468736,117.5199966430664
4472832,110.88999938964844
4476928,111.63999938964844
4481024,116.06999969482422
4485120,115.52999877929688
4489216,116.08000183105469
4493312,116.44000244140625
4497408,114.68000030517578
4501504,116.52999877929688
4505600,120.4800033569336
4509696,117.5
4513792,116.16999816894531
4517888,118.33000183105469
4521984,121.05000305175781
4526080,121.1500015258789
4530176,122.0199966430664
4534272,124.55999755859375
4538368,120.38999938964844
4542464,123.04000091552734
4546560,120.73999786376953
4550656,123.16000366210938
4554752,124.7699966430664
4558848,120.80999755859375
4562944,122.83000183105469
4567040,122.48999786376953
4571136,122.05000305175781
4575232,121.79000091552734
4579328,121.79000091552734
4583424,127.1500015258789
4587520,129.19000244140625
4591616,130.07000732421875
4595712,136.50999450683594
4599808,136.39999389648438
4603904,137.75
4608000,141.25
4612096,145.6999969482422
4616192,144.47000122070312
4620288,146.11000061035156
4624384,143.49000549316406
4628480,139.9199981689453
4632576,139.8000030517578
4636672,135.74000549316406
4640768,133.3300018310547
4644864,132.4499969482422
4648960,135.7899932861328
4653056,134.92999267578125
4657152,138.27000427246094
4661248,143.8300018310547
4665344,143.24000549316406
4669440,142.83999633789062
4673536,149.3000030517578
4677632,153.4499969482422
4681728,153.4499969482422
4685824,156.75
4689920,154.8000030517578
4694016,162.22999572753906
4698112,164.58999633789062
4702208,166.63999938964844
4706304,162.9199981689453
4710400,161.97000122070312
4714496,160.75
4718592,160.80999755859375
4722688,160.44000244140625
4726784,161.02000427246094
4730880,158.4199981689453
4734976,156.30999755859375
4739072,161.55999755859375
4743168,163.61000061035156
4747264,161.86000061035156
4751360,168.0
4755456,167.5
4759552,175.9600067138672
4763648,176.6699981689453
4767744,176.11000061035156
4771840,176.0399932861328
4775936,179.66000366210938
4780032,182.83999633789062
4784128,177.6300048828125
4788224,178.7899932861328
4792320,181.22000122070312
4796416,183.69000244140625
4800512,172.74000549316406
4804608,169.3800048828125
4808704,168.8300018310547
4812800,166.82000732421875
4816896,166.77000427246094
4820992,167.9199981689453
4825088,171.9499969482422
4829184,169.7899932861328
4833280,167.5500030517578
4837376,168.55999755859375
4841472,166.30999755859375
4845568,166.1300048828125
4849664,160.2899932861328
4853760,166.4499969482422
4857856,160.83999633789062
4861952,162.63999938964844
4866048,161.64999389648438
4870144,160.3300018310547
4874240,152.47000122070312
4878336,151.9600067138672
4882432,155.02000427246094
4886528,155.72000122070312
4890624,160.60000610351562
4894720,158.55999755859375
4898816,161.0
4902912,156.94000244140625
4907008,158.17999267578125
4911104,159.69000244140625
4915200,162.3300018310547
4919296,165.02000427246094
4923392,162.5800018310547
4927488,162.22999572753906
4931584,163.6999969482422
4935680,160.7899932861328
4939776,163.02999877929688
4943872,161.3699951171875
4947968,163.3800048828125
4952064,168.39999389648438
4956160,168.13999938964844
4960256,175.25999450683594
4964352,176.4199981689453
4968448,176.1699981689453
4972544,175.3000030517578
4976640,169.08999633789062
4980736,170.30999755859375
4984832,167.3800048828125
4988928,169.7899932861328
4993024,168.77000427246094
4997120,168.77000427246094
5001216,165.63999938964844
